Title,Description,Link,Media URL,Pinterest board,Publish date
Free 15 Addition Math Worksheet For Grade 5 | Printable Practice,Teachers and parents love this Addition worksheet for Grade 5. Download and print instantly.,https://mathworksheetkidscity.github.io/html/free-15-addition-math-worksheet-for-grade-5-3999.html,https://mathworksheetkidscity.github.io/images/free-15-addition-math-worksheet-for-grade-5-3999.jpg,Elementary Math Activities,03/17/2026 08:36:00 AM
Free Kindergarten Count and Color Worksheet,Free printable Count and Color worksheet for Kindergarten. Perfect for homeschool practice and classroom activities.,https://mathworksheetkidscity.github.io/html/free-kindergarten-count-and-color-worksheet-5240.html,https://mathworksheetkidscity.github.io/images/free-kindergarten-count-and-color-worksheet-5240.jpg,Kids Math Worksheets,03/17/2026 11:00:00 AM
Kindergarten Count The Objects Worksheet - Part 3 | Printable Practice,Free printable Counting Objects worksheet for Kindergarten. Perfect for homeschool practice and classroom activities.,https://mathworksheetkidscity.github.io/html/kindergarten-count-the-objects-worksheet-part-3-5084.html,https://mathworksheetkidscity.github.io/images/kindergarten-count-the-objects-worksheet-part-3-5084.jpg,Printable Worksheets,03/17/2026 01:36:00 PM
Free 13 Division Math Worksheet For Grade 1 With Answers - Part 4 | Printable Practice,Teachers and parents love this Division worksheet for Grade 1. Download and print instantly.,https://mathworksheetkidscity.github.io/html/free-13-division-math-worksheet-for-grade-1-with-answers-part-4-3577.html,https://mathworksheetkidscity.github.io/images/free-13-division-math-worksheet-for-grade-1-with-answers-part-4-3577.jpg,Math Practice Printables,03/17/2026 04:38:00 PM
4 Mathematics Practice Practice Worksheet for Teens,Help kids master Math with this printable worksheet for Math. Great for daily math practice.,https://mathworksheetkidscity.github.io/html/4-mathematics-practice-practice-worksheet-for-teens-8604.html,https://mathworksheetkidscity.github.io/images/4-mathematics-practice-practice-worksheet-for-teens-8604.jpg,Kids Math Worksheets,03/17/2026 08:36:00 PM
Missing Number Math Worksheet,Printable Missing Number worksheet designed for Grade 1 students. Easy and fun math practice.,https://mathworksheetkidscity.github.io/html/missing-number-math-worksheet-1455.html,https://mathworksheetkidscity.github.io/images/missing-number-math-worksheet-1455.jpg,Math Practice Printables,03/18/2026 08:25:00 AM
Mixed Operations Math Worksheet,Fun and engaging Mixed Operations worksheet for Grade 3. Perfect printable math practice.,https://mathworksheetkidscity.github.io/html/mixed-operations-math-worksheet-1764.html,https://mathworksheetkidscity.github.io/images/mixed-operations-math-worksheet-1764.jpg,Math Practice Printables,03/18/2026 11:00:00 AM
Printable Free 12 Multiplication Math Worksheet For Grade 2 - Part 8 | Printable Practice,Printable Multiplication worksheet designed for Grade 2 students. Easy and fun math practice.,https://mathworksheetkidscity.github.io/html/printable-free-12-multiplication-math-worksheet-for-grade-2-part-8-4628.html,https://mathworksheetkidscity.github.io/images/printable-free-12-multiplication-math-worksheet-for-grade-2-part-8-4628.jpg,Kids Math Worksheets,03/18/2026 01:22:00 PM
Printable Free 25 Subtraction Math Worksheet For Grade 2 - Part 9 | Printable Practice,Printable Subtraction worksheet designed for Grade 2 students. Easy and fun math practice.,https://mathworksheetkidscity.github.io/html/printable-free-25-subtraction-math-worksheet-for-grade-2-part-9-5196.html,https://mathworksheetkidscity.github.io/images/printable-free-25-subtraction-math-worksheet-for-grade-2-part-9-5196.jpg,Math Practice Printables,03/18/2026 04:33:00 PM
Grade 2 Multiplication Table 2 Practice - Part 10 | Printable Practice,Help kids master Times Table with this printable worksheet for Grade 2. Great for daily math practice.,https://mathworksheetkidscity.github.io/html/grade-2-multiplication-table-2-practice-part-10-6878.html,https://mathworksheetkidscity.github.io/images/grade-2-multiplication-table-2-practice-part-10-6878.jpg,Math Practice Printables,03/18/2026 08:34:00 PM
Printable Tracing Worksheet For Kids - Part 11 | Free Printable,Printable Tracing worksheet designed for Kindergarten students. Easy and fun math practice.,https://mathworksheetkidscity.github.io/html/printable-tracing-worksheet-for-kids-part-11-9263.html,https://mathworksheetkidscity.github.io/images/printable-tracing-worksheet-for-kids-part-11-9263.jpg,Homeschool Math,03/19/2026 08:33:00 AM
Math Word Problem Worksheet,Help kids master Word Problem with this printable worksheet for Grade 3. Great for daily math practice.,https://mathworksheetkidscity.github.io/html/math-word-problem-worksheet-6558.html,https://mathworksheetkidscity.github.io/images/math-word-problem-worksheet-6558.jpg,Homeschool Math,03/19/2026 11:00:00 AM
Printable Free 15 Addition Math Worksheet For Grade 1 - Part 13 | Printable Practice,Free printable Addition worksheet for Grade 1. Perfect for homeschool practice and classroom activities.,https://mathworksheetkidscity.github.io/html/printable-free-15-addition-math-worksheet-for-grade-1-part-13-7251.html,https://mathworksheetkidscity.github.io/images/printable-free-15-addition-math-worksheet-for-grade-1-part-13-7251.jpg,Elementary Math Activities,03/19/2026 01:35:00 PM
"Count and Color Apple, Flower, Flower Worksheet for Kids",Free printable Count and Color worksheet for Grade 1. Perfect for homeschool practice and classroom activities.,https://mathworksheetkidscity.github.io/html/count-and-color-apple-flower-flower-worksheet-for-kids-9484.html,https://mathworksheetkidscity.github.io/images/count-and-color-apple-flower-flower-worksheet-for-kids-9484.jpg,Homeschool Math,03/19/2026 04:38:00 PM
Free Counting Objects Worksheet For Kindergarten - Part 15 | Printable Practice,Printable Counting Objects worksheet designed for Kindergarten students. Easy and fun math practice.,https://mathworksheetkidscity.github.io/html/free-counting-objects-worksheet-for-kindergarten-part-15-8762.html,https://mathworksheetkidscity.github.io/images/free-counting-objects-worksheet-for-kindergarten-part-15-8762.jpg,Elementary Math Activities,03/19/2026 08:38:00 PM
Free 17 Division Math Worksheet For Grade 2 - Part 16 | Printable Practice,Printable Division worksheet designed for Grade 2 students. Easy and fun math practice.,https://mathworksheetkidscity.github.io/html/free-17-division-math-worksheet-for-grade-2-part-16-7336.html,https://mathworksheetkidscity.github.io/images/free-17-division-math-worksheet-for-grade-2-part-16-7336.jpg,Homeschool Math,03/20/2026 08:32:00 AM
Printable Mathematics Practice Worksheet (7 Questions),Printable Math worksheet designed for Math students. Easy and fun math practice.,https://mathworksheetkidscity.github.io/html/printable-mathematics-practice-worksheet-7-questions-3343.html,https://mathworksheetkidscity.github.io/images/printable-mathematics-practice-worksheet-7-questions-3343.jpg,Homeschool Math,03/20/2026 11:02:00 AM
Missing Number Math Worksheet,Free printable Missing Number worksheet for Grade 1. Perfect for homeschool practice and classroom activities.,https://mathworksheetkidscity.github.io/html/missing-number-math-worksheet-3830.html,https://mathworksheetkidscity.github.io/images/missing-number-math-worksheet-3830.jpg,Math Practice Printables,03/20/2026 01:24:00 PM
Mixed Operations Math Worksheet,Fun and engaging Mixed Operations worksheet for Grade 3. Perfect printable math practice.,https://mathworksheetkidscity.github.io/html/mixed-operations-math-worksheet-1930.html,https://mathworksheetkidscity.github.io/images/mixed-operations-math-worksheet-1930.jpg,Homeschool Math,03/20/2026 04:28:00 PM
Free 28 Multiplication Math Worksheet For Grade 1 With Answers - Part 20 | Printable Practice,Printable Multiplication worksheet designed for Grade 1 students. Easy and fun math practice.,https://mathworksheetkidscity.github.io/html/free-28-multiplication-math-worksheet-for-grade-1-with-answers-part-20-5170.html,https://mathworksheetkidscity.github.io/images/free-28-multiplication-math-worksheet-for-grade-1-with-answers-part-20-5170.jpg,Printable Worksheets,03/20/2026 08:37:00 PM
Grade 2 Subtraction Practice Worksheet (26 Problems) - Part 21 | Printable Practice,Fun and engaging Subtraction worksheet for Grade 2. Perfect printable math practice.,https://mathworksheetkidscity.github.io/html/grade-2-subtraction-practice-worksheet-26-problems-part-21-8350.html,https://mathworksheetkidscity.github.io/images/grade-2-subtraction-practice-worksheet-26-problems-part-21-8350.jpg,Printable Worksheets,03/21/2026 08:38:00 AM
11 Times Table Worksheet For Grade 4 With Answers - Part 22 | Printable Practice,Teachers and parents love this Times Table worksheet for Grade 4. Download and print instantly.,https://mathworksheetkidscity.github.io/html/11-times-table-worksheet-for-grade-4-with-answers-part-22-3399.html,https://mathworksheetkidscity.github.io/images/11-times-table-worksheet-for-grade-4-with-answers-part-22-3399.jpg,Homeschool Math,03/21/2026 11:00:00 AM
Printable Tracing Worksheet For Kids - Part 23 | Free Printable,Teachers and parents love this Tracing worksheet for Kindergarten. Download and print instantly.,https://mathworksheetkidscity.github.io/html/printable-tracing-worksheet-for-kids-part-23-4626.html,https://mathworksheetkidscity.github.io/images/printable-tracing-worksheet-for-kids-part-23-4626.jpg,Math Practice Printables,03/21/2026 01:36:00 PM
Math Word Problem Worksheet,Teachers and parents love this Word Problem worksheet for Grade 3. Download and print instantly.,https://mathworksheetkidscity.github.io/html/math-word-problem-worksheet-2741.html,https://mathworksheetkidscity.github.io/images/math-word-problem-worksheet-2741.jpg,Elementary Math Activities,03/21/2026 04:24:00 PM
Free 17 Addition Math Worksheet For Grade 3 With Answers - Part 25 | Printable Practice,Printable Addition worksheet designed for Grade 3 students. Easy and fun math practice.,https://mathworksheetkidscity.github.io/html/free-17-addition-math-worksheet-for-grade-3-with-answers-part-25-8589.html,https://mathworksheetkidscity.github.io/images/free-17-addition-math-worksheet-for-grade-3-with-answers-part-25-8589.jpg,Elementary Math Activities,03/21/2026 08:27:00 PM
Grade 1 Count and Color Shapes Worksheet,Free printable Count and Color worksheet for Grade 1. Perfect for homeschool practice and classroom activities.,https://mathworksheetkidscity.github.io/html/grade-1-count-and-color-shapes-worksheet-3073.html,https://mathworksheetkidscity.github.io/images/grade-1-count-and-color-shapes-worksheet-3073.jpg,Math Practice Printables,03/22/2026 08:32:00 AM
Free Counting Objects Worksheet For Kindergarten - Part 27 | Printable Practice,Fun and engaging Counting Objects worksheet for Kindergarten. Perfect printable math practice.,https://mathworksheetkidscity.github.io/html/free-counting-objects-worksheet-for-kindergarten-part-27-7691.html,https://mathworksheetkidscity.github.io/images/free-counting-objects-worksheet-for-kindergarten-part-27-7691.jpg,Math Practice Printables,03/22/2026 11:00:00 AM
Free 11 Division Math Worksheet For Grade 2 With Answers - Part 28 | Printable Practice,Printable Division worksheet designed for Grade 2 students. Easy and fun math practice.,https://mathworksheetkidscity.github.io/html/free-11-division-math-worksheet-for-grade-2-with-answers-part-28-2096.html,https://mathworksheetkidscity.github.io/images/free-11-division-math-worksheet-for-grade-2-with-answers-part-28-2096.jpg,Printable Worksheets,03/22/2026 01:26:00 PM
4 Math Skill Test Worksheet,Fun and engaging Math worksheet for Math. Perfect printable math practice.,https://mathworksheetkidscity.github.io/html/4-math-skill-test-worksheet-8535.html,https://mathworksheetkidscity.github.io/images/4-math-skill-test-worksheet-8535.jpg,Kids Math Worksheets,03/22/2026 04:32:00 PM
Missing Number Math Worksheet,Printable Missing Number worksheet designed for Grade 1 students. Easy and fun math practice.,https://mathworksheetkidscity.github.io/html/missing-number-math-worksheet-9713.html,https://mathworksheetkidscity.github.io/images/missing-number-math-worksheet-9713.jpg,Kids Math Worksheets,03/22/2026 08:22:00 PM
Mixed Operations Math Worksheet,Free printable Mixed Operations worksheet for Grade 3. Perfect for homeschool practice and classroom activities.,https://mathworksheetkidscity.github.io/html/mixed-operations-math-worksheet-8622.html,https://mathworksheetkidscity.github.io/images/mixed-operations-math-worksheet-8622.jpg,Elementary Math Activities,03/23/2026 08:27:00 AM
Grade 2 Multiplication Practice Worksheet (13 Problems) - Part 32 | Printable Practice,Free printable Multiplication worksheet for Grade 2. Perfect for homeschool practice and classroom activities.,https://mathworksheetkidscity.github.io/html/grade-2-multiplication-practice-worksheet-13-problems-part-32-6187.html,https://mathworksheetkidscity.github.io/images/grade-2-multiplication-practice-worksheet-13-problems-part-32-6187.jpg,Printable Worksheets,03/23/2026 11:07:00 AM
Grade 5 Subtraction Practice Worksheet (26 Problems) - Part 33 | Printable Practice,Fun and engaging Subtraction worksheet for Grade 5. Perfect printable math practice.,https://mathworksheetkidscity.github.io/html/grade-5-subtraction-practice-worksheet-26-problems-part-33-5527.html,https://mathworksheetkidscity.github.io/images/grade-5-subtraction-practice-worksheet-26-problems-part-33-5527.jpg,Printable Worksheets,03/23/2026 01:34:00 PM
3 Times Table Worksheet For Grade 2 - Part 34 | Printable Practice,Fun and engaging Times Table worksheet for Grade 2. Perfect printable math practice.,https://mathworksheetkidscity.github.io/html/3-times-table-worksheet-for-grade-2-part-34-1065.html,https://mathworksheetkidscity.github.io/images/3-times-table-worksheet-for-grade-2-part-34-1065.jpg,Elementary Math Activities,03/23/2026 04:34:00 PM
Printable Tracing Worksheet For Kids - Part 35 | Free Printable,Free printable Tracing worksheet for Preschool. Perfect for homeschool practice and classroom activities.,https://mathworksheetkidscity.github.io/html/printable-tracing-worksheet-for-kids-part-35-6486.html,https://mathworksheetkidscity.github.io/images/printable-tracing-worksheet-for-kids-part-35-6486.jpg,Math Practice Printables,03/23/2026 08:24:00 PM
Math Word Problem Worksheet,Teachers and parents love this Word Problem worksheet for Grade 3. Download and print instantly.,https://mathworksheetkidscity.github.io/html/math-word-problem-worksheet-9399.html,https://mathworksheetkidscity.github.io/images/math-word-problem-worksheet-9399.jpg,Printable Worksheets,03/24/2026 08:34:00 AM
Free 19 Addition Math Worksheet For Grade 5 With Answers - Part 37 | Printable Practice,Free printable Addition worksheet for Grade 5. Perfect for homeschool practice and classroom activities.,https://mathworksheetkidscity.github.io/html/free-19-addition-math-worksheet-for-grade-5-with-answers-part-37-2165.html,https://mathworksheetkidscity.github.io/images/free-19-addition-math-worksheet-for-grade-5-with-answers-part-37-2165.jpg,Elementary Math Activities,03/24/2026 11:06:00 AM
Fun Count and Color Objects Worksheet for Kindergarten,Fun and engaging Count and Color worksheet for Kindergarten. Perfect printable math practice.,https://mathworksheetkidscity.github.io/html/fun-count-and-color-objects-worksheet-for-kindergarten-7008.html,https://mathworksheetkidscity.github.io/images/fun-count-and-color-objects-worksheet-for-kindergarten-7008.jpg,Kids Math Worksheets,03/24/2026 01:22:00 PM
Free Counting Objects Worksheet For Kindergarten Printable - Part 39 | Printable Practice,Help kids master Counting Objects with this printable worksheet for Kindergarten. Great for daily math practice.,https://mathworksheetkidscity.github.io/html/free-counting-objects-worksheet-for-kindergarten-printable-part-39-8382.html,https://mathworksheetkidscity.github.io/images/free-counting-objects-worksheet-for-kindergarten-printable-part-39-8382.jpg,Elementary Math Activities,03/24/2026 04:23:00 PM
Free 22 Division Math Worksheet For Grade 2 - Part 40 | Printable Practice,Fun and engaging Division worksheet for Grade 2. Perfect printable math practice.,https://mathworksheetkidscity.github.io/html/free-22-division-math-worksheet-for-grade-2-part-40-1254.html,https://mathworksheetkidscity.github.io/images/free-22-division-math-worksheet-for-grade-2-part-40-1254.jpg,Kids Math Worksheets,03/24/2026 08:23:00 PM
Advanced Math Knowledge Test for Students (8 Questions),Fun and engaging Math worksheet for Math. Perfect printable math practice.,https://mathworksheetkidscity.github.io/html/advanced-math-knowledge-test-for-students-8-questions-2577.html,https://mathworksheetkidscity.github.io/images/advanced-math-knowledge-test-for-students-8-questions-2577.jpg,Math Practice Printables,03/25/2026 08:24:00 AM
Missing Number Math Worksheet,Free printable Missing Number worksheet for Grade 1. Perfect for homeschool practice and classroom activities.,https://mathworksheetkidscity.github.io/html/missing-number-math-worksheet-2948.html,https://mathworksheetkidscity.github.io/images/missing-number-math-worksheet-2948.jpg,Kids Math Worksheets,03/25/2026 11:08:00 AM
Mixed Operations Math Worksheet,Help kids master Mixed Operations with this printable worksheet for Grade 3. Great for daily math practice.,https://mathworksheetkidscity.github.io/html/mixed-operations-math-worksheet-5045.html,https://mathworksheetkidscity.github.io/images/mixed-operations-math-worksheet-5045.jpg,Elementary Math Activities,03/25/2026 01:25:00 PM
Free 19 Multiplication Math Worksheet For Grade 2 - Part 44 | Printable Practice,Help kids master Multiplication with this printable worksheet for Grade 2. Great for daily math practice.,https://mathworksheetkidscity.github.io/html/free-19-multiplication-math-worksheet-for-grade-2-part-44-5223.html,https://mathworksheetkidscity.github.io/images/free-19-multiplication-math-worksheet-for-grade-2-part-44-5223.jpg,Homeschool Math,03/25/2026 04:36:00 PM
Free 18 Subtraction Math Worksheet For Grade 3 With Answers - Part 45 | Printable Practice,Fun and engaging Subtraction worksheet for Grade 3. Perfect printable math practice.,https://mathworksheetkidscity.github.io/html/free-18-subtraction-math-worksheet-for-grade-3-with-answers-part-45-3977.html,https://mathworksheetkidscity.github.io/images/free-18-subtraction-math-worksheet-for-grade-3-with-answers-part-45-3977.jpg,Elementary Math Activities,03/25/2026 08:28:00 PM
Printable 8 Times Table Worksheet For Grade 3 - Part 46 | Printable Practice,Fun and engaging Times Table worksheet for Grade 3. Perfect printable math practice.,https://mathworksheetkidscity.github.io/html/printable-8-times-table-worksheet-for-grade-3-part-46-1727.html,https://mathworksheetkidscity.github.io/images/printable-8-times-table-worksheet-for-grade-3-part-46-1727.jpg,Elementary Math Activities,03/26/2026 08:32:00 AM
Printable Tracing Worksheet For Kids - Part 47 | Free Printable,Free printable Tracing worksheet for Kindergarten. Perfect for homeschool practice and classroom activities.,https://mathworksheetkidscity.github.io/html/printable-tracing-worksheet-for-kids-part-47-9520.html,https://mathworksheetkidscity.github.io/images/printable-tracing-worksheet-for-kids-part-47-9520.jpg,Kids Math Worksheets,03/26/2026 11:00:00 AM
Math Word Problem Worksheet,Printable Word Problem worksheet designed for Grade 3 students. Easy and fun math practice.,https://mathworksheetkidscity.github.io/html/math-word-problem-worksheet-7230.html,https://mathworksheetkidscity.github.io/images/math-word-problem-worksheet-7230.jpg,Printable Worksheets,03/26/2026 01:27:00 PM
Printable Free 10 Addition Math Worksheet For Grade 5 - Part 49 | Printable Practice,Teachers and parents love this Addition worksheet for Grade 5. Download and print instantly.,https://mathworksheetkidscity.github.io/html/printable-free-10-addition-math-worksheet-for-grade-5-part-49-9301.html,https://mathworksheetkidscity.github.io/images/printable-free-10-addition-math-worksheet-for-grade-5-part-49-9301.jpg,Elementary Math Activities,03/26/2026 04:27:00 PM
Free Grade 1 Count and Color Worksheet,Teachers and parents love this Count and Color worksheet for Grade 1. Download and print instantly.,https://mathworksheetkidscity.github.io/html/free-grade-1-count-and-color-worksheet-7126.html,https://mathworksheetkidscity.github.io/images/free-grade-1-count-and-color-worksheet-7126.jpg,Homeschool Math,03/26/2026 08:22:00 PM
Free Counting Objects Worksheet For Kindergarten - Part 51 | Printable Practice,Teachers and parents love this Counting Objects worksheet for Kindergarten. Download and print instantly.,https://mathworksheetkidscity.github.io/html/free-counting-objects-worksheet-for-kindergarten-part-51-7683.html,https://mathworksheetkidscity.github.io/images/free-counting-objects-worksheet-for-kindergarten-part-51-7683.jpg,Printable Worksheets,03/27/2026 08:22:00 AM
Printable Free 29 Division Math Worksheet For Grade 2 - Part 52 | Printable Practice,Fun and engaging Division worksheet for Grade 2. Perfect printable math practice.,https://mathworksheetkidscity.github.io/html/printable-free-29-division-math-worksheet-for-grade-2-part-52-4055.html,https://mathworksheetkidscity.github.io/images/printable-free-29-division-math-worksheet-for-grade-2-part-52-4055.jpg,Math Practice Printables,03/27/2026 11:04:00 AM
4 General Math Quiz Printable Worksheet,Printable Math worksheet designed for Math students. Easy and fun math practice.,https://mathworksheetkidscity.github.io/html/4-general-math-quiz-printable-worksheet-9380.html,https://mathworksheetkidscity.github.io/images/4-general-math-quiz-printable-worksheet-9380.jpg,Printable Worksheets,03/27/2026 01:28:00 PM
Missing Number Math Worksheet,Help kids master Missing Number with this printable worksheet for Grade 1. Great for daily math practice.,https://mathworksheetkidscity.github.io/html/missing-number-math-worksheet-4382.html,https://mathworksheetkidscity.github.io/images/missing-number-math-worksheet-4382.jpg,Kids Math Worksheets,03/27/2026 04:25:00 PM
Mixed Operations Math Worksheet,Printable Mixed Operations worksheet designed for Grade 3 students. Easy and fun math practice.,https://mathworksheetkidscity.github.io/html/mixed-operations-math-worksheet-8235.html,https://mathworksheetkidscity.github.io/images/mixed-operations-math-worksheet-8235.jpg,Printable Worksheets,03/27/2026 08:27:00 PM
Printable Free 22 Multiplication Math Worksheet For Grade 1 - Part 56 | Printable Practice,Free printable Multiplication worksheet for Grade 1. Perfect for homeschool practice and classroom activities.,https://mathworksheetkidscity.github.io/html/printable-free-22-multiplication-math-worksheet-for-grade-1-part-56-8336.html,https://mathworksheetkidscity.github.io/images/printable-free-22-multiplication-math-worksheet-for-grade-1-part-56-8336.jpg,Math Practice Printables,03/28/2026 08:31:00 AM
Printable Free 10 Subtraction Math Worksheet For Grade 5 - Part 57 | Printable Practice,Printable Subtraction worksheet designed for Grade 5 students. Easy and fun math practice.,https://mathworksheetkidscity.github.io/html/printable-free-10-subtraction-math-worksheet-for-grade-5-part-57-3396.html,https://mathworksheetkidscity.github.io/images/printable-free-10-subtraction-math-worksheet-for-grade-5-part-57-3396.jpg,Homeschool Math,03/28/2026 11:03:00 AM
9 Times Table Worksheet For Grade 3 With Answers - Part 58 | Printable Practice,Teachers and parents love this Times Table worksheet for Grade 3. Download and print instantly.,https://mathworksheetkidscity.github.io/html/9-times-table-worksheet-for-grade-3-with-answers-part-58-9607.html,https://mathworksheetkidscity.github.io/images/9-times-table-worksheet-for-grade-3-with-answers-part-58-9607.jpg,Printable Worksheets,03/28/2026 01:25:00 PM
Printable Tracing Worksheet For Kids - Part 59 | Free Printable,Fun and engaging Tracing worksheet for Kindergarten. Perfect printable math practice.,https://mathworksheetkidscity.github.io/html/printable-tracing-worksheet-for-kids-part-59-7162.html,https://mathworksheetkidscity.github.io/images/printable-tracing-worksheet-for-kids-part-59-7162.jpg,Kids Math Worksheets,03/28/2026 04:35:00 PM
Math Word Problem Worksheet,Free printable Word Problem worksheet for Grade 3. Perfect for homeschool practice and classroom activities.,https://mathworksheetkidscity.github.io/html/math-word-problem-worksheet-3087.html,https://mathworksheetkidscity.github.io/images/math-word-problem-worksheet-3087.jpg,Printable Worksheets,03/28/2026 08:32:00 PM
Printable Free 12 Addition Math Worksheet For Grade 1 - Part 61 | Printable Practice,Fun and engaging Addition worksheet for Grade 1. Perfect printable math practice.,https://mathworksheetkidscity.github.io/html/printable-free-12-addition-math-worksheet-for-grade-1-part-61-6021.html,https://mathworksheetkidscity.github.io/images/printable-free-12-addition-math-worksheet-for-grade-1-part-61-6021.jpg,Elementary Math Activities,03/29/2026 08:36:00 AM
3 Free Count and Color Worksheets for Kindergarten,Help kids master Count and Color with this printable worksheet for Kindergarten. Great for daily math practice.,https://mathworksheetkidscity.github.io/html/3-free-count-and-color-worksheets-for-kindergarten-3430.html,https://mathworksheetkidscity.github.io/images/3-free-count-and-color-worksheets-for-kindergarten-3430.jpg,Kids Math Worksheets,03/29/2026 11:00:00 AM
Free Counting Objects Worksheet For Kindergarten - Part 63 | Printable Practice,Free printable Counting Objects worksheet for Kindergarten. Perfect for homeschool practice and classroom activities.,https://mathworksheetkidscity.github.io/html/free-counting-objects-worksheet-for-kindergarten-part-63-6079.html,https://mathworksheetkidscity.github.io/images/free-counting-objects-worksheet-for-kindergarten-part-63-6079.jpg,Kids Math Worksheets,03/29/2026 01:28:00 PM
Printable Free 12 Division Math Worksheet For Grade 1 - Part 64 | Printable Practice,Free printable Division worksheet for Grade 1. Perfect for homeschool practice and classroom activities.,https://mathworksheetkidscity.github.io/html/printable-free-12-division-math-worksheet-for-grade-1-part-64-6861.html,https://mathworksheetkidscity.github.io/images/printable-free-12-division-math-worksheet-for-grade-1-part-64-6861.jpg,Kids Math Worksheets,03/29/2026 04:36:00 PM
4 Math Challenge Training Worksheet,Teachers and parents love this Math worksheet for Math. Download and print instantly.,https://mathworksheetkidscity.github.io/html/4-math-challenge-training-worksheet-7981.html,https://mathworksheetkidscity.github.io/images/4-math-challenge-training-worksheet-7981.jpg,Elementary Math Activities,03/29/2026 08:24:00 PM
Missing Number Math Worksheet,Printable Missing Number worksheet designed for Grade 1 students. Easy and fun math practice.,https://mathworksheetkidscity.github.io/html/missing-number-math-worksheet-5755.html,https://mathworksheetkidscity.github.io/images/missing-number-math-worksheet-5755.jpg,Homeschool Math,03/30/2026 08:24:00 AM
Mixed Operations Math Worksheet,Help kids master Mixed Operations with this printable worksheet for Grade 3. Great for daily math practice.,https://mathworksheetkidscity.github.io/html/mixed-operations-math-worksheet-3855.html,https://mathworksheetkidscity.github.io/images/mixed-operations-math-worksheet-3855.jpg,Printable Worksheets,03/30/2026 11:00:00 AM
Grade 2 Multiplication Practice Worksheet (26 Problems) - Part 68 | Printable Practice,Help kids master Multiplication with this printable worksheet for Grade 2. Great for daily math practice.,https://mathworksheetkidscity.github.io/html/grade-2-multiplication-practice-worksheet-26-problems-part-68-3337.html,https://mathworksheetkidscity.github.io/images/grade-2-multiplication-practice-worksheet-26-problems-part-68-3337.jpg,Kids Math Worksheets,03/30/2026 01:30:00 PM
Free 13 Subtraction Math Worksheet For Grade 3 With Answers - Part 69 | Printable Practice,Teachers and parents love this Subtraction worksheet for Grade 3. Download and print instantly.,https://mathworksheetkidscity.github.io/html/free-13-subtraction-math-worksheet-for-grade-3-with-answers-part-69-7881.html,https://mathworksheetkidscity.github.io/images/free-13-subtraction-math-worksheet-for-grade-3-with-answers-part-69-7881.jpg,Elementary Math Activities,03/30/2026 04:25:00 PM
2 Times Table Worksheet For Grade 2 - Part 70 | Printable Practice,Fun and engaging Times Table worksheet for Grade 2. Perfect printable math practice.,https://mathworksheetkidscity.github.io/html/2-times-table-worksheet-for-grade-2-part-70-2330.html,https://mathworksheetkidscity.github.io/images/2-times-table-worksheet-for-grade-2-part-70-2330.jpg,Math Practice Printables,03/30/2026 08:24:00 PM
Printable Tracing Worksheet For Kids - Part 71 | Free Printable,Free printable Tracing worksheet for Kindergarten. Perfect for homeschool practice and classroom activities.,https://mathworksheetkidscity.github.io/html/printable-tracing-worksheet-for-kids-part-71-2131.html,https://mathworksheetkidscity.github.io/images/printable-tracing-worksheet-for-kids-part-71-2131.jpg,Printable Worksheets,03/31/2026 08:22:00 AM
Math Word Problem Worksheet,Help kids master Word Problem with this printable worksheet for Grade 3. Great for daily math practice.,https://mathworksheetkidscity.github.io/html/math-word-problem-worksheet-9589.html,https://mathworksheetkidscity.github.io/images/math-word-problem-worksheet-9589.jpg,Homeschool Math,03/31/2026 11:01:00 AM
Grade 5 Addition Practice Worksheet (15 Problems) - Part 73 | Printable Practice,Help kids master Addition with this printable worksheet for Grade 5. Great for daily math practice.,https://mathworksheetkidscity.github.io/html/grade-5-addition-practice-worksheet-15-problems-part-73-3222.html,https://mathworksheetkidscity.github.io/images/grade-5-addition-practice-worksheet-15-problems-part-73-3222.jpg,Math Practice Printables,03/31/2026 01:27:00 PM
Free Preschool Count and Color Worksheet,Free printable Count and Color worksheet for Preschool. Perfect for homeschool practice and classroom activities.,https://mathworksheetkidscity.github.io/html/free-preschool-count-and-color-worksheet-7431.html,https://mathworksheetkidscity.github.io/images/free-preschool-count-and-color-worksheet-7431.jpg,Math Practice Printables,03/31/2026 04:31:00 PM
Learn Counting With Pictures Worksheet (Kindergarten) - Part 75 | Printable Practice,Teachers and parents love this Counting Objects worksheet for Kindergarten. Download and print instantly.,https://mathworksheetkidscity.github.io/html/learn-counting-with-pictures-worksheet-kindergarten-part-75-6972.html,https://mathworksheetkidscity.github.io/images/learn-counting-with-pictures-worksheet-kindergarten-part-75-6972.jpg,Printable Worksheets,03/31/2026 08:35:00 PM
Free 24 Division Math Worksheet For Grade 1 With Answers - Part 76 | Printable Practice,Teachers and parents love this Division worksheet for Grade 1. Download and print instantly.,https://mathworksheetkidscity.github.io/html/free-24-division-math-worksheet-for-grade-1-with-answers-part-76-6103.html,https://mathworksheetkidscity.github.io/images/free-24-division-math-worksheet-for-grade-1-with-answers-part-76-6103.jpg,Math Practice Printables,04/01/2026 08:35:00 AM
Daily General Math Quiz for Students (8 Questions),Free printable Math worksheet for Math. Perfect for homeschool practice and classroom activities.,https://mathworksheetkidscity.github.io/html/daily-general-math-quiz-for-students-8-questions-5760.html,https://mathworksheetkidscity.github.io/images/daily-general-math-quiz-for-students-8-questions-5760.jpg,Printable Worksheets,04/01/2026 11:00:00 AM
Missing Number Math Worksheet,Help kids master Missing Number with this printable worksheet for Grade 1. Great for daily math practice.,https://mathworksheetkidscity.github.io/html/missing-number-math-worksheet-8455.html,https://mathworksheetkidscity.github.io/images/missing-number-math-worksheet-8455.jpg,Elementary Math Activities,04/01/2026 01:37:00 PM
Mixed Operations Math Worksheet,Printable Mixed Operations worksheet designed for Grade 3 students. Easy and fun math practice.,https://mathworksheetkidscity.github.io/html/mixed-operations-math-worksheet-8303.html,https://mathworksheetkidscity.github.io/images/mixed-operations-math-worksheet-8303.jpg,Math Practice Printables,04/01/2026 04:32:00 PM
Free 27 Multiplication Math Worksheet For Grade 2 With Answers - Part 80 | Printable Practice,Teachers and parents love this Multiplication worksheet for Grade 2. Download and print instantly.,https://mathworksheetkidscity.github.io/html/free-27-multiplication-math-worksheet-for-grade-2-with-answers-part-80-9763.html,https://mathworksheetkidscity.github.io/images/free-27-multiplication-math-worksheet-for-grade-2-with-answers-part-80-9763.jpg,Math Practice Printables,04/01/2026 08:31:00 PM
Printable Free 29 Subtraction Math Worksheet For Grade 3 - Part 81 | Printable Practice,Printable Subtraction worksheet designed for Grade 3 students. Easy and fun math practice.,https://mathworksheetkidscity.github.io/html/printable-free-29-subtraction-math-worksheet-for-grade-3-part-81-2692.html,https://mathworksheetkidscity.github.io/images/printable-free-29-subtraction-math-worksheet-for-grade-3-part-81-2692.jpg,Homeschool Math,04/02/2026 08:22:00 AM
3 Times Table Worksheet For Grade 2 - Part 82 | Printable Practice,Teachers and parents love this Times Table worksheet for Grade 2. Download and print instantly.,https://mathworksheetkidscity.github.io/html/3-times-table-worksheet-for-grade-2-part-82-4939.html,https://mathworksheetkidscity.github.io/images/3-times-table-worksheet-for-grade-2-part-82-4939.jpg,Homeschool Math,04/02/2026 11:07:00 AM
Printable Tracing Worksheet For Kids - Part 83 | Free Printable,Printable Tracing worksheet designed for Kindergarten students. Easy and fun math practice.,https://mathworksheetkidscity.github.io/html/printable-tracing-worksheet-for-kids-part-83-2428.html,https://mathworksheetkidscity.github.io/images/printable-tracing-worksheet-for-kids-part-83-2428.jpg,Homeschool Math,04/02/2026 01:32:00 PM
Math Word Problem Worksheet,Teachers and parents love this Word Problem worksheet for Grade 3. Download and print instantly.,https://mathworksheetkidscity.github.io/html/math-word-problem-worksheet-1132.html,https://mathworksheetkidscity.github.io/images/math-word-problem-worksheet-1132.jpg,Homeschool Math,04/02/2026 04:30:00 PM
Free 14 Addition Math Worksheet For Grade 5 With Answers - Part 85 | Printable Practice,Free printable Addition worksheet for Grade 5. Perfect for homeschool practice and classroom activities.,https://mathworksheetkidscity.github.io/html/free-14-addition-math-worksheet-for-grade-5-with-answers-part-85-5624.html,https://mathworksheetkidscity.github.io/images/free-14-addition-math-worksheet-for-grade-5-with-answers-part-85-5624.jpg,Printable Worksheets,04/02/2026 08:35:00 PM
Grade 1 Count and Color Shapes Worksheet,Help kids master Count and Color with this printable worksheet for Grade 1. Great for daily math practice.,https://mathworksheetkidscity.github.io/html/grade-1-count-and-color-shapes-worksheet-1471.html,https://mathworksheetkidscity.github.io/images/grade-1-count-and-color-shapes-worksheet-1471.jpg,Homeschool Math,04/03/2026 08:22:00 AM
Free Counting Objects Worksheet For Pre-K Printable - Part 87 | Printable Practice,Free printable Counting Objects worksheet for Pre-K. Perfect for homeschool practice and classroom activities.,https://mathworksheetkidscity.github.io/html/free-counting-objects-worksheet-for-pre-k-printable-part-87-4148.html,https://mathworksheetkidscity.github.io/images/free-counting-objects-worksheet-for-pre-k-printable-part-87-4148.jpg,Homeschool Math,04/03/2026 11:00:00 AM
Grade 1 Division Practice Worksheet (20 Problems) - Part 88 | Printable Practice,Fun and engaging Division worksheet for Grade 1. Perfect printable math practice.,https://mathworksheetkidscity.github.io/html/grade-1-division-practice-worksheet-20-problems-part-88-9709.html,https://mathworksheetkidscity.github.io/images/grade-1-division-practice-worksheet-20-problems-part-88-9709.jpg,Kids Math Worksheets,04/03/2026 01:29:00 PM
Free Printable Math Trivia for Students (4 Questions),Free printable Math worksheet for Math. Perfect for homeschool practice and classroom activities.,https://mathworksheetkidscity.github.io/html/free-printable-math-trivia-for-students-4-questions-6007.html,https://mathworksheetkidscity.github.io/images/free-printable-math-trivia-for-students-4-questions-6007.jpg,Math Practice Printables,04/03/2026 04:26:00 PM
Missing Number Math Worksheet,Help kids master Missing Number with this printable worksheet for Grade 1. Great for daily math practice.,https://mathworksheetkidscity.github.io/html/missing-number-math-worksheet-8175.html,https://mathworksheetkidscity.github.io/images/missing-number-math-worksheet-8175.jpg,Kids Math Worksheets,04/03/2026 08:25:00 PM
Mixed Operations Math Worksheet,Printable Mixed Operations worksheet designed for Grade 3 students. Easy and fun math practice.,https://mathworksheetkidscity.github.io/html/mixed-operations-math-worksheet-6114.html,https://mathworksheetkidscity.github.io/images/mixed-operations-math-worksheet-6114.jpg,Kids Math Worksheets,04/04/2026 08:22:00 AM
Free 24 Multiplication Math Worksheet For Grade 2 With Answers - Part 92 | Printable Practice,Help kids master Multiplication with this printable worksheet for Grade 2. Great for daily math practice.,https://mathworksheetkidscity.github.io/html/free-24-multiplication-math-worksheet-for-grade-2-with-answers-part-92-8630.html,https://mathworksheetkidscity.github.io/images/free-24-multiplication-math-worksheet-for-grade-2-with-answers-part-92-8630.jpg,Math Practice Printables,04/04/2026 11:00:00 AM
Free 18 Subtraction Math Worksheet For Grade 2 With Answers - Part 93 | Printable Practice,Teachers and parents love this Subtraction worksheet for Grade 2. Download and print instantly.,https://mathworksheetkidscity.github.io/html/free-18-subtraction-math-worksheet-for-grade-2-with-answers-part-93-9911.html,https://mathworksheetkidscity.github.io/images/free-18-subtraction-math-worksheet-for-grade-2-with-answers-part-93-9911.jpg,Math Practice Printables,04/04/2026 01:29:00 PM
5 Times Table Worksheet For Grade 2 With Answers - Part 94 | Printable Practice,Teachers and parents love this Times Table worksheet for Grade 2. Download and print instantly.,https://mathworksheetkidscity.github.io/html/5-times-table-worksheet-for-grade-2-with-answers-part-94-2995.html,https://mathworksheetkidscity.github.io/images/5-times-table-worksheet-for-grade-2-with-answers-part-94-2995.jpg,Kids Math Worksheets,04/04/2026 04:30:00 PM
Printable Tracing Worksheet For Kids - Part 95 | Free Printable,Free printable Tracing worksheet for Kindergarten. Perfect for homeschool practice and classroom activities.,https://mathworksheetkidscity.github.io/html/printable-tracing-worksheet-for-kids-part-95-6059.html,https://mathworksheetkidscity.github.io/images/printable-tracing-worksheet-for-kids-part-95-6059.jpg,Homeschool Math,04/04/2026 08:38:00 PM
Math Word Problem Worksheet,Free printable Word Problem worksheet for Grade 3. Perfect for homeschool practice and classroom activities.,https://mathworksheetkidscity.github.io/html/math-word-problem-worksheet-1633.html,https://mathworksheetkidscity.github.io/images/math-word-problem-worksheet-1633.jpg,Printable Worksheets,04/05/2026 08:29:00 AM
Grade 1 Addition Practice Worksheet (22 Problems) - Part 97 | Printable Practice,Printable Addition worksheet designed for Grade 1 students. Easy and fun math practice.,https://mathworksheetkidscity.github.io/html/grade-1-addition-practice-worksheet-22-problems-part-97-9154.html,https://mathworksheetkidscity.github.io/images/grade-1-addition-practice-worksheet-22-problems-part-97-9154.jpg,Homeschool Math,04/05/2026 11:05:00 AM
"Count and Color Triangle, Triangle, Car Worksheet for Kids",Free printable Count and Color worksheet for Preschool. Perfect for homeschool practice and classroom activities.,https://mathworksheetkidscity.github.io/html/count-and-color-triangle-triangle-car-worksheet-for-kids-9314.html,https://mathworksheetkidscity.github.io/images/count-and-color-triangle-triangle-car-worksheet-for-kids-9314.jpg,Math Practice Printables,04/05/2026 01:35:00 PM
Learn Counting With Pictures Worksheet (Kindergarten) - Part 99 | Printable Practice,Fun and engaging Counting Objects worksheet for Kindergarten. Perfect printable math practice.,https://mathworksheetkidscity.github.io/html/learn-counting-with-pictures-worksheet-kindergarten-part-99-3303.html,https://mathworksheetkidscity.github.io/images/learn-counting-with-pictures-worksheet-kindergarten-part-99-3303.jpg,Math Practice Printables,04/05/2026 04:33:00 PM
Free 30 Division Math Worksheet For Grade 2 With Answers - Part 100 | Printable Practice,Printable Division worksheet designed for Grade 2 students. Easy and fun math practice.,https://mathworksheetkidscity.github.io/html/free-30-division-math-worksheet-for-grade-2-with-answers-part-100-3731.html,https://mathworksheetkidscity.github.io/images/free-30-division-math-worksheet-for-grade-2-with-answers-part-100-3731.jpg,Elementary Math Activities,04/05/2026 08:30:00 PM
7 Math Knowledge Test Practice Worksheet,Fun and engaging Math worksheet for Math. Perfect printable math practice.,https://mathworksheetkidscity.github.io/html/7-math-knowledge-test-practice-worksheet-5723.html,https://mathworksheetkidscity.github.io/images/7-math-knowledge-test-practice-worksheet-5723.jpg,Printable Worksheets,04/06/2026 08:31:00 AM
Missing Number Math Worksheet,Help kids master Missing Number with this printable worksheet for Grade 1. Great for daily math practice.,https://mathworksheetkidscity.github.io/html/missing-number-math-worksheet-7747.html,https://mathworksheetkidscity.github.io/images/missing-number-math-worksheet-7747.jpg,Elementary Math Activities,04/06/2026 11:00:00 AM
Mixed Operations Math Worksheet,Teachers and parents love this Mixed Operations worksheet for Grade 3. Download and print instantly.,https://mathworksheetkidscity.github.io/html/mixed-operations-math-worksheet-2600.html,https://mathworksheetkidscity.github.io/images/mixed-operations-math-worksheet-2600.jpg,Math Practice Printables,04/06/2026 01:27:00 PM
Free 10 Multiplication Math Worksheet For Grade 2 With Answers - Part 104 | Printable Practice,Teachers and parents love this Multiplication worksheet for Grade 2. Download and print instantly.,https://mathworksheetkidscity.github.io/html/free-10-multiplication-math-worksheet-for-grade-2-with-answers-part-104-2540.html,https://mathworksheetkidscity.github.io/images/free-10-multiplication-math-worksheet-for-grade-2-with-answers-part-104-2540.jpg,Kids Math Worksheets,04/06/2026 04:37:00 PM
Free 27 Subtraction Math Worksheet For Grade 5 - Part 105 | Printable Practice,Printable Subtraction worksheet designed for Grade 5 students. Easy and fun math practice.,https://mathworksheetkidscity.github.io/html/free-27-subtraction-math-worksheet-for-grade-5-part-105-5261.html,https://mathworksheetkidscity.github.io/images/free-27-subtraction-math-worksheet-for-grade-5-part-105-5261.jpg,Elementary Math Activities,04/06/2026 08:31:00 PM
11 Times Table Worksheet For Grade 4 With Answers - Part 106 | Printable Practice,Printable Times Table worksheet designed for Grade 4 students. Easy and fun math practice.,https://mathworksheetkidscity.github.io/html/11-times-table-worksheet-for-grade-4-with-answers-part-106-1964.html,https://mathworksheetkidscity.github.io/images/11-times-table-worksheet-for-grade-4-with-answers-part-106-1964.jpg,Homeschool Math,04/07/2026 08:30:00 AM
Printable Tracing Worksheet For Kids - Part 107 | Free Printable,Teachers and parents love this Tracing worksheet for Kindergarten. Download and print instantly.,https://mathworksheetkidscity.github.io/html/printable-tracing-worksheet-for-kids-part-107-4916.html,https://mathworksheetkidscity.github.io/images/printable-tracing-worksheet-for-kids-part-107-4916.jpg,Kids Math Worksheets,04/07/2026 11:04:00 AM
Math Word Problem Worksheet,Help kids master Word Problem with this printable worksheet for Grade 3. Great for daily math practice.,https://mathworksheetkidscity.github.io/html/math-word-problem-worksheet-3466.html,https://mathworksheetkidscity.github.io/images/math-word-problem-worksheet-3466.jpg,Elementary Math Activities,04/07/2026 01:23:00 PM
Grade 3 Addition Practice Worksheet (10 Problems) - Part 109 | Printable Practice,Help kids master Addition with this printable worksheet for Grade 3. Great for daily math practice.,https://mathworksheetkidscity.github.io/html/grade-3-addition-practice-worksheet-10-problems-part-109-7139.html,https://mathworksheetkidscity.github.io/images/grade-3-addition-practice-worksheet-10-problems-part-109-7139.jpg,Math Practice Printables,04/07/2026 04:36:00 PM
"Count and Color Star, Star, Triangle Worksheet for Kids",Help kids master Count and Color with this printable worksheet for Kindergarten. Great for daily math practice.,https://mathworksheetkidscity.github.io/html/count-and-color-star-star-triangle-worksheet-for-kids-3965.html,https://mathworksheetkidscity.github.io/images/count-and-color-star-star-triangle-worksheet-for-kids-3965.jpg,Printable Worksheets,04/07/2026 08:38:00 PM
Kindergarten Count The Objects Worksheet - Part 111 | Printable Practice,Help kids master Counting Objects with this printable worksheet for Kindergarten. Great for daily math practice.,https://mathworksheetkidscity.github.io/html/kindergarten-count-the-objects-worksheet-part-111-2550.html,https://mathworksheetkidscity.github.io/images/kindergarten-count-the-objects-worksheet-part-111-2550.jpg,Elementary Math Activities,04/08/2026 08:22:00 AM
Printable Free 18 Division Math Worksheet For Grade 2 - Part 112 | Printable Practice,Help kids master Division with this printable worksheet for Grade 2. Great for daily math practice.,https://mathworksheetkidscity.github.io/html/printable-free-18-division-math-worksheet-for-grade-2-part-112-4350.html,https://mathworksheetkidscity.github.io/images/printable-free-18-division-math-worksheet-for-grade-2-part-112-4350.jpg,Homeschool Math,04/08/2026 11:04:00 AM
4 Math Skill Test for Practice,Printable Math worksheet designed for Math students. Easy and fun math practice.,https://mathworksheetkidscity.github.io/html/4-math-skill-test-for-practice-5661.html,https://mathworksheetkidscity.github.io/images/4-math-skill-test-for-practice-5661.jpg,Homeschool Math,04/08/2026 01:23:00 PM
Missing Number Math Worksheet,Fun and engaging Missing Number worksheet for Grade 1. Perfect printable math practice.,https://mathworksheetkidscity.github.io/html/missing-number-math-worksheet-8134.html,https://mathworksheetkidscity.github.io/images/missing-number-math-worksheet-8134.jpg,Math Practice Printables,04/08/2026 04:22:00 PM
Mixed Operations Math Worksheet,Teachers and parents love this Mixed Operations worksheet for Grade 3. Download and print instantly.,https://mathworksheetkidscity.github.io/html/mixed-operations-math-worksheet-8375.html,https://mathworksheetkidscity.github.io/images/mixed-operations-math-worksheet-8375.jpg,Kids Math Worksheets,04/08/2026 08:33:00 PM
Free 10 Multiplication Math Worksheet For Grade 1 - Part 116 | Printable Practice,Teachers and parents love this Multiplication worksheet for Grade 1. Download and print instantly.,https://mathworksheetkidscity.github.io/html/free-10-multiplication-math-worksheet-for-grade-1-part-116-8075.html,https://mathworksheetkidscity.github.io/images/free-10-multiplication-math-worksheet-for-grade-1-part-116-8075.jpg,Elementary Math Activities,04/09/2026 08:27:00 AM
Free 28 Subtraction Math Worksheet For Grade 3 - Part 117 | Printable Practice,Free printable Subtraction worksheet for Grade 3. Perfect for homeschool practice and classroom activities.,https://mathworksheetkidscity.github.io/html/free-28-subtraction-math-worksheet-for-grade-3-part-117-2574.html,https://mathworksheetkidscity.github.io/images/free-28-subtraction-math-worksheet-for-grade-3-part-117-2574.jpg,Printable Worksheets,04/09/2026 11:08:00 AM
Printable 12 Times Table Worksheet For Grade 4 - Part 118 | Printable Practice,Fun and engaging Times Table worksheet for Grade 4. Perfect printable math practice.,https://mathworksheetkidscity.github.io/html/printable-12-times-table-worksheet-for-grade-4-part-118-6517.html,https://mathworksheetkidscity.github.io/images/printable-12-times-table-worksheet-for-grade-4-part-118-6517.jpg,Math Practice Printables,04/09/2026 01:35:00 PM
Printable Tracing Worksheet For Kids - Part 119 | Free Printable,Help kids master Tracing with this printable worksheet for Preschool. Great for daily math practice.,https://mathworksheetkidscity.github.io/html/printable-tracing-worksheet-for-kids-part-119-7705.html,https://mathworksheetkidscity.github.io/images/printable-tracing-worksheet-for-kids-part-119-7705.jpg,Kids Math Worksheets,04/09/2026 04:25:00 PM
Math Word Problem Worksheet,Printable Word Problem worksheet designed for Grade 3 students. Easy and fun math practice.,https://mathworksheetkidscity.github.io/html/math-word-problem-worksheet-7361.html,https://mathworksheetkidscity.github.io/images/math-word-problem-worksheet-7361.jpg,Elementary Math Activities,04/09/2026 08:23:00 PM
Free 18 Addition Math Worksheet For Grade 5 - Part 121 | Printable Practice,Free printable Addition worksheet for Grade 5. Perfect for homeschool practice and classroom activities.,https://mathworksheetkidscity.github.io/html/free-18-addition-math-worksheet-for-grade-5-part-121-9414.html,https://mathworksheetkidscity.github.io/images/free-18-addition-math-worksheet-for-grade-5-part-121-9414.jpg,Printable Worksheets,04/10/2026 08:22:00 AM
Kindergarten Count and Color Shapes Worksheet,Help kids master Count and Color with this printable worksheet for Kindergarten. Great for daily math practice.,https://mathworksheetkidscity.github.io/html/kindergarten-count-and-color-shapes-worksheet-9383.html,https://mathworksheetkidscity.github.io/images/kindergarten-count-and-color-shapes-worksheet-9383.jpg,Elementary Math Activities,04/10/2026 11:07:00 AM
Kindergarten Count The Objects Worksheet - Part 123 | Printable Practice,Help kids master Counting Objects with this printable worksheet for Kindergarten. Great for daily math practice.,https://mathworksheetkidscity.github.io/html/kindergarten-count-the-objects-worksheet-part-123-2687.html,https://mathworksheetkidscity.github.io/images/kindergarten-count-the-objects-worksheet-part-123-2687.jpg,Printable Worksheets,04/10/2026 01:38:00 PM
Free 25 Division Math Worksheet For Grade 1 With Answers - Part 124 | Printable Practice,Fun and engaging Division worksheet for Grade 1. Perfect printable math practice.,https://mathworksheetkidscity.github.io/html/free-25-division-math-worksheet-for-grade-1-with-answers-part-124-5219.html,https://mathworksheetkidscity.github.io/images/free-25-division-math-worksheet-for-grade-1-with-answers-part-124-5219.jpg,Printable Worksheets,04/10/2026 04:35:00 PM
4 Math Challenge Practice Worksheet,Help kids master Math with this printable worksheet for Math. Great for daily math practice.,https://mathworksheetkidscity.github.io/html/4-math-challenge-practice-worksheet-2808.html,https://mathworksheetkidscity.github.io/images/4-math-challenge-practice-worksheet-2808.jpg,Math Practice Printables,04/10/2026 08:37:00 PM
Missing Number Math Worksheet,Free printable Missing Number worksheet for Grade 1. Perfect for homeschool practice and classroom activities.,https://mathworksheetkidscity.github.io/html/missing-number-math-worksheet-6448.html,https://mathworksheetkidscity.github.io/images/missing-number-math-worksheet-6448.jpg,Kids Math Worksheets,04/11/2026 08:37:00 AM
Mixed Operations Math Worksheet,Teachers and parents love this Mixed Operations worksheet for Grade 3. Download and print instantly.,https://mathworksheetkidscity.github.io/html/mixed-operations-math-worksheet-3587.html,https://mathworksheetkidscity.github.io/images/mixed-operations-math-worksheet-3587.jpg,Elementary Math Activities,04/11/2026 11:00:00 AM
Free 18 Multiplication Math Worksheet For Grade 2 - Part 128 | Printable Practice,Free printable Multiplication worksheet for Grade 2. Perfect for homeschool practice and classroom activities.,https://mathworksheetkidscity.github.io/html/free-18-multiplication-math-worksheet-for-grade-2-part-128-2448.html,https://mathworksheetkidscity.github.io/images/free-18-multiplication-math-worksheet-for-grade-2-part-128-2448.jpg,Kids Math Worksheets,04/11/2026 01:23:00 PM
Free 19 Subtraction Math Worksheet For Grade 5 - Part 129 | Printable Practice,Teachers and parents love this Subtraction worksheet for Grade 5. Download and print instantly.,https://mathworksheetkidscity.github.io/html/free-19-subtraction-math-worksheet-for-grade-5-part-129-8554.html,https://mathworksheetkidscity.github.io/images/free-19-subtraction-math-worksheet-for-grade-5-part-129-8554.jpg,Printable Worksheets,04/11/2026 04:32:00 PM
Grade 3 Multiplication Table 6 Practice - Part 130 | Printable Practice,Teachers and parents love this Times Table worksheet for Grade 3. Download and print instantly.,https://mathworksheetkidscity.github.io/html/grade-3-multiplication-table-6-practice-part-130-1142.html,https://mathworksheetkidscity.github.io/images/grade-3-multiplication-table-6-practice-part-130-1142.jpg,Elementary Math Activities,04/11/2026 08:28:00 PM
Printable Tracing Worksheet For Kids - Part 131 | Free Printable,Fun and engaging Tracing worksheet for Preschool. Perfect printable math practice.,https://mathworksheetkidscity.github.io/html/printable-tracing-worksheet-for-kids-part-131-5793.html,https://mathworksheetkidscity.github.io/images/printable-tracing-worksheet-for-kids-part-131-5793.jpg,Printable Worksheets,04/12/2026 08:37:00 AM
Math Word Problem Worksheet,Free printable Word Problem worksheet for Grade 3. Perfect for homeschool practice and classroom activities.,https://mathworksheetkidscity.github.io/html/math-word-problem-worksheet-5805.html,https://mathworksheetkidscity.github.io/images/math-word-problem-worksheet-5805.jpg,Math Practice Printables,04/12/2026 11:00:00 AM
Free 16 Addition Math Worksheet For Grade 1 With Answers - Part 133 | Printable Practice,Free printable Addition worksheet for Grade 1. Perfect for homeschool practice and classroom activities.,https://mathworksheetkidscity.github.io/html/free-16-addition-math-worksheet-for-grade-1-with-answers-part-133-8805.html,https://mathworksheetkidscity.github.io/images/free-16-addition-math-worksheet-for-grade-1-with-answers-part-133-8805.jpg,Elementary Math Activities,04/12/2026 01:33:00 PM
4 Free Count and Color Worksheets for Kindergarten,Help kids master Count and Color with this printable worksheet for Kindergarten. Great for daily math practice.,https://mathworksheetkidscity.github.io/html/4-free-count-and-color-worksheets-for-kindergarten-3389.html,https://mathworksheetkidscity.github.io/images/4-free-count-and-color-worksheets-for-kindergarten-3389.jpg,Kids Math Worksheets,04/12/2026 04:27:00 PM
Free Counting Objects Worksheet For Kindergarten Printable - Part 135 | Printable Practice,Help kids master Counting Objects with this printable worksheet for Kindergarten. Great for daily math practice.,https://mathworksheetkidscity.github.io/html/free-counting-objects-worksheet-for-kindergarten-printable-part-135-4589.html,https://mathworksheetkidscity.github.io/images/free-counting-objects-worksheet-for-kindergarten-printable-part-135-4589.jpg,Math Practice Printables,04/12/2026 08:31:00 PM
Free 26 Division Math Worksheet For Grade 2 With Answers - Part 136 | Printable Practice,Help kids master Division with this printable worksheet for Grade 2. Great for daily math practice.,https://mathworksheetkidscity.github.io/html/free-26-division-math-worksheet-for-grade-2-with-answers-part-136-7816.html,https://mathworksheetkidscity.github.io/images/free-26-division-math-worksheet-for-grade-2-with-answers-part-136-7816.jpg,Elementary Math Activities,04/13/2026 08:32:00 AM
General Knowledge Mathematics Practice Worksheet (7 Questions),Printable Math worksheet designed for Math students. Easy and fun math practice.,https://mathworksheetkidscity.github.io/html/general-knowledge-mathematics-practice-worksheet-7-questions-7506.html,https://mathworksheetkidscity.github.io/images/general-knowledge-mathematics-practice-worksheet-7-questions-7506.jpg,Printable Worksheets,04/13/2026 11:00:00 AM
Missing Number Math Worksheet,Free printable Missing Number worksheet for Grade 1. Perfect for homeschool practice and classroom activities.,https://mathworksheetkidscity.github.io/html/missing-number-math-worksheet-9960.html,https://mathworksheetkidscity.github.io/images/missing-number-math-worksheet-9960.jpg,Kids Math Worksheets,04/13/2026 01:31:00 PM
Mixed Operations Math Worksheet,Teachers and parents love this Mixed Operations worksheet for Grade 3. Download and print instantly.,https://mathworksheetkidscity.github.io/html/mixed-operations-math-worksheet-4789.html,https://mathworksheetkidscity.github.io/images/mixed-operations-math-worksheet-4789.jpg,Math Practice Printables,04/13/2026 04:26:00 PM
Free 12 Multiplication Math Worksheet For Grade 1 With Answers - Part 140 | Printable Practice,Teachers and parents love this Multiplication worksheet for Grade 1. Download and print instantly.,https://mathworksheetkidscity.github.io/html/free-12-multiplication-math-worksheet-for-grade-1-with-answers-part-140-2199.html,https://mathworksheetkidscity.github.io/images/free-12-multiplication-math-worksheet-for-grade-1-with-answers-part-140-2199.jpg,Math Practice Printables,04/13/2026 08:29:00 PM
Printable Free 15 Subtraction Math Worksheet For Grade 3 - Part 141 | Printable Practice,Help kids master Subtraction with this printable worksheet for Grade 3. Great for daily math practice.,https://mathworksheetkidscity.github.io/html/printable-free-15-subtraction-math-worksheet-for-grade-3-part-141-2074.html,https://mathworksheetkidscity.github.io/images/printable-free-15-subtraction-math-worksheet-for-grade-3-part-141-2074.jpg,Kids Math Worksheets,04/14/2026 08:37:00 AM
9 Times Table Worksheet For Grade 3 With Answers - Part 142 | Printable Practice,Help kids master Times Table with this printable worksheet for Grade 3. Great for daily math practice.,https://mathworksheetkidscity.github.io/html/9-times-table-worksheet-for-grade-3-with-answers-part-142-1937.html,https://mathworksheetkidscity.github.io/images/9-times-table-worksheet-for-grade-3-with-answers-part-142-1937.jpg,Elementary Math Activities,04/14/2026 11:05:00 AM
Printable Tracing Worksheet For Kids - Part 143 | Free Printable,Printable Tracing worksheet designed for Preschool students. Easy and fun math practice.,https://mathworksheetkidscity.github.io/html/printable-tracing-worksheet-for-kids-part-143-9374.html,https://mathworksheetkidscity.github.io/images/printable-tracing-worksheet-for-kids-part-143-9374.jpg,Elementary Math Activities,04/14/2026 01:27:00 PM
Math Word Problem Worksheet,Printable Word Problem worksheet designed for Grade 3 students. Easy and fun math practice.,https://mathworksheetkidscity.github.io/html/math-word-problem-worksheet-6958.html,https://mathworksheetkidscity.github.io/images/math-word-problem-worksheet-6958.jpg,Kids Math Worksheets,04/14/2026 04:35:00 PM
Printable Free 20 Addition Math Worksheet For Grade 5 - Part 145 | Printable Practice,Teachers and parents love this Addition worksheet for Grade 5. Download and print instantly.,https://mathworksheetkidscity.github.io/html/printable-free-20-addition-math-worksheet-for-grade-5-part-145-1087.html,https://mathworksheetkidscity.github.io/images/printable-free-20-addition-math-worksheet-for-grade-5-part-145-1087.jpg,Math Practice Printables,04/14/2026 08:38:00 PM
Free Kindergarten Count and Color Worksheet,Teachers and parents love this Count and Color worksheet for Kindergarten. Download and print instantly.,https://mathworksheetkidscity.github.io/html/free-kindergarten-count-and-color-worksheet-1312.html,https://mathworksheetkidscity.github.io/images/free-kindergarten-count-and-color-worksheet-1312.jpg,Math Practice Printables,04/15/2026 08:35:00 AM
Free Counting Objects Worksheet For Kindergarten - Part 147 | Printable Practice,Teachers and parents love this Counting Objects worksheet for Kindergarten. Download and print instantly.,https://mathworksheetkidscity.github.io/html/free-counting-objects-worksheet-for-kindergarten-part-147-2583.html,https://mathworksheetkidscity.github.io/images/free-counting-objects-worksheet-for-kindergarten-part-147-2583.jpg,Homeschool Math,04/15/2026 11:01:00 AM
Printable Free 13 Division Math Worksheet For Grade 2 - Part 148 | Printable Practice,Fun and engaging Division worksheet for Grade 2. Perfect printable math practice.,https://mathworksheetkidscity.github.io/html/printable-free-13-division-math-worksheet-for-grade-2-part-148-2246.html,https://mathworksheetkidscity.github.io/images/printable-free-13-division-math-worksheet-for-grade-2-part-148-2246.jpg,Elementary Math Activities,04/15/2026 01:25:00 PM
Complete Mathematics Practice Worksheet (4 Questions),Fun and engaging Math worksheet for Math. Perfect printable math practice.,https://mathworksheetkidscity.github.io/html/complete-mathematics-practice-worksheet-4-questions-6226.html,https://mathworksheetkidscity.github.io/images/complete-mathematics-practice-worksheet-4-questions-6226.jpg,Printable Worksheets,04/15/2026 04:25:00 PM
Missing Number Math Worksheet,Help kids master Missing Number with this printable worksheet for Grade 1. Great for daily math practice.,https://mathworksheetkidscity.github.io/html/missing-number-math-worksheet-4945.html,https://mathworksheetkidscity.github.io/images/missing-number-math-worksheet-4945.jpg,Homeschool Math,04/15/2026 08:35:00 PM
Mixed Operations Math Worksheet,Help kids master Mixed Operations with this printable worksheet for Grade 3. Great for daily math practice.,https://mathworksheetkidscity.github.io/html/mixed-operations-math-worksheet-7006.html,https://mathworksheetkidscity.github.io/images/mixed-operations-math-worksheet-7006.jpg,Elementary Math Activities,04/16/2026 08:25:00 AM
Free 22 Multiplication Math Worksheet For Grade 2 - Part 152 | Printable Practice,Teachers and parents love this Multiplication worksheet for Grade 2. Download and print instantly.,https://mathworksheetkidscity.github.io/html/free-22-multiplication-math-worksheet-for-grade-2-part-152-8968.html,https://mathworksheetkidscity.github.io/images/free-22-multiplication-math-worksheet-for-grade-2-part-152-8968.jpg,Kids Math Worksheets,04/16/2026 11:03:00 AM
Free 19 Subtraction Math Worksheet For Grade 3 - Part 153 | Printable Practice,Teachers and parents love this Subtraction worksheet for Grade 3. Download and print instantly.,https://mathworksheetkidscity.github.io/html/free-19-subtraction-math-worksheet-for-grade-3-part-153-8035.html,https://mathworksheetkidscity.github.io/images/free-19-subtraction-math-worksheet-for-grade-3-part-153-8035.jpg,Homeschool Math,04/16/2026 01:29:00 PM
2 Times Table Worksheet For Grade 2 - Part 154 | Printable Practice,Free printable Times Table worksheet for Grade 2. Perfect for homeschool practice and classroom activities.,https://mathworksheetkidscity.github.io/html/2-times-table-worksheet-for-grade-2-part-154-3530.html,https://mathworksheetkidscity.github.io/images/2-times-table-worksheet-for-grade-2-part-154-3530.jpg,Elementary Math Activities,04/16/2026 04:37:00 PM
Printable Tracing Worksheet For Kids - Part 155 | Free Printable,Fun and engaging Tracing worksheet for Preschool. Perfect printable math practice.,https://mathworksheetkidscity.github.io/html/printable-tracing-worksheet-for-kids-part-155-4085.html,https://mathworksheetkidscity.github.io/images/printable-tracing-worksheet-for-kids-part-155-4085.jpg,Kids Math Worksheets,04/16/2026 08:26:00 PM
Math Word Problem Worksheet,Fun and engaging Word Problem worksheet for Grade 3. Perfect printable math practice.,https://mathworksheetkidscity.github.io/html/math-word-problem-worksheet-5754.html,https://mathworksheetkidscity.github.io/images/math-word-problem-worksheet-5754.jpg,Kids Math Worksheets,04/17/2026 08:30:00 AM
Free 23 Addition Math Worksheet For Grade 5 With Answers - Part 157 | Printable Practice,Help kids master Addition with this printable worksheet for Grade 5. Great for daily math practice.,https://mathworksheetkidscity.github.io/html/free-23-addition-math-worksheet-for-grade-5-with-answers-part-157-6090.html,https://mathworksheetkidscity.github.io/images/free-23-addition-math-worksheet-for-grade-5-with-answers-part-157-6090.jpg,Elementary Math Activities,04/17/2026 11:03:00 AM
Fun Count and Color Objects Worksheet for Grade 1,Teachers and parents love this Count and Color worksheet for Grade 1. Download and print instantly.,https://mathworksheetkidscity.github.io/html/fun-count-and-color-objects-worksheet-for-grade-1-9265.html,https://mathworksheetkidscity.github.io/images/fun-count-and-color-objects-worksheet-for-grade-1-9265.jpg,Printable Worksheets,04/17/2026 01:34:00 PM
Learn Counting With Pictures Worksheet (Kindergarten) - Part 159 | Printable Practice,Printable Counting Objects worksheet designed for Kindergarten students. Easy and fun math practice.,https://mathworksheetkidscity.github.io/html/learn-counting-with-pictures-worksheet-kindergarten-part-159-1451.html,https://mathworksheetkidscity.github.io/images/learn-counting-with-pictures-worksheet-kindergarten-part-159-1451.jpg,Math Practice Printables,04/17/2026 04:36:00 PM
Free 21 Division Math Worksheet For Grade 2 With Answers - Part 160 | Printable Practice,Help kids master Division with this printable worksheet for Grade 2. Great for daily math practice.,https://mathworksheetkidscity.github.io/html/free-21-division-math-worksheet-for-grade-2-with-answers-part-160-7279.html,https://mathworksheetkidscity.github.io/images/free-21-division-math-worksheet-for-grade-2-with-answers-part-160-7279.jpg,Math Practice Printables,04/17/2026 08:28:00 PM
7 Mathematics Practice Printable Worksheet,Teachers and parents love this Math worksheet for Math. Download and print instantly.,https://mathworksheetkidscity.github.io/html/7-mathematics-practice-printable-worksheet-6741.html,https://mathworksheetkidscity.github.io/images/7-mathematics-practice-printable-worksheet-6741.jpg,Kids Math Worksheets,04/18/2026 08:26:00 AM
Missing Number Math Worksheet,Teachers and parents love this Missing Number worksheet for Grade 1. Download and print instantly.,https://mathworksheetkidscity.github.io/html/missing-number-math-worksheet-8476.html,https://mathworksheetkidscity.github.io/images/missing-number-math-worksheet-8476.jpg,Elementary Math Activities,04/18/2026 11:03:00 AM
Mixed Operations Math Worksheet,Free printable Mixed Operations worksheet for Grade 3. Perfect for homeschool practice and classroom activities.,https://mathworksheetkidscity.github.io/html/mixed-operations-math-worksheet-6185.html,https://mathworksheetkidscity.github.io/images/mixed-operations-math-worksheet-6185.jpg,Kids Math Worksheets,04/18/2026 01:37:00 PM
Grade 2 Multiplication Practice Worksheet (18 Problems) - Part 164 | Printable Practice,Teachers and parents love this Multiplication worksheet for Grade 2. Download and print instantly.,https://mathworksheetkidscity.github.io/html/grade-2-multiplication-practice-worksheet-18-problems-part-164-4281.html,https://mathworksheetkidscity.github.io/images/grade-2-multiplication-practice-worksheet-18-problems-part-164-4281.jpg,Homeschool Math,04/18/2026 04:33:00 PM
Grade 2 Subtraction Practice Worksheet (11 Problems) - Part 165 | Printable Practice,Printable Subtraction worksheet designed for Grade 2 students. Easy and fun math practice.,https://mathworksheetkidscity.github.io/html/grade-2-subtraction-practice-worksheet-11-problems-part-165-8495.html,https://mathworksheetkidscity.github.io/images/grade-2-subtraction-practice-worksheet-11-problems-part-165-8495.jpg,Kids Math Worksheets,04/18/2026 08:32:00 PM
8 Times Table Worksheet For Grade 3 With Answers - Part 166 | Printable Practice,Fun and engaging Times Table worksheet for Grade 3. Perfect printable math practice.,https://mathworksheetkidscity.github.io/html/8-times-table-worksheet-for-grade-3-with-answers-part-166-1583.html,https://mathworksheetkidscity.github.io/images/8-times-table-worksheet-for-grade-3-with-answers-part-166-1583.jpg,Homeschool Math,04/19/2026 08:30:00 AM
Printable Tracing Worksheet For Kids - Part 167 | Free Printable,Help kids master Tracing with this printable worksheet for Kindergarten. Great for daily math practice.,https://mathworksheetkidscity.github.io/html/printable-tracing-worksheet-for-kids-part-167-3956.html,https://mathworksheetkidscity.github.io/images/printable-tracing-worksheet-for-kids-part-167-3956.jpg,Elementary Math Activities,04/19/2026 11:00:00 AM
Math Word Problem Worksheet,Teachers and parents love this Word Problem worksheet for Grade 3. Download and print instantly.,https://mathworksheetkidscity.github.io/html/math-word-problem-worksheet-4066.html,https://mathworksheetkidscity.github.io/images/math-word-problem-worksheet-4066.jpg,Kids Math Worksheets,04/19/2026 01:30:00 PM
Printable Free 26 Addition Math Worksheet For Grade 1 - Part 169 | Printable Practice,Free printable Addition worksheet for Grade 1. Perfect for homeschool practice and classroom activities.,https://mathworksheetkidscity.github.io/html/printable-free-26-addition-math-worksheet-for-grade-1-part-169-1144.html,https://mathworksheetkidscity.github.io/images/printable-free-26-addition-math-worksheet-for-grade-1-part-169-1144.jpg,Elementary Math Activities,04/19/2026 04:23:00 PM
3 Free Count and Color Worksheets for Preschool,Help kids master Count and Color with this printable worksheet for Preschool. Great for daily math practice.,https://mathworksheetkidscity.github.io/html/3-free-count-and-color-worksheets-for-preschool-4627.html,https://mathworksheetkidscity.github.io/images/3-free-count-and-color-worksheets-for-preschool-4627.jpg,Kids Math Worksheets,04/19/2026 08:30:00 PM
Free Counting Objects Worksheet For Kindergarten Printable - Part 171 | Printable Practice,Help kids master Counting Objects with this printable worksheet for Kindergarten. Great for daily math practice.,https://mathworksheetkidscity.github.io/html/free-counting-objects-worksheet-for-kindergarten-printable-part-171-5843.html,https://mathworksheetkidscity.github.io/images/free-counting-objects-worksheet-for-kindergarten-printable-part-171-5843.jpg,Kids Math Worksheets,04/20/2026 08:30:00 AM
Grade 1 Division Practice Worksheet (22 Problems) - Part 172 | Printable Practice,Teachers and parents love this Division worksheet for Grade 1. Download and print instantly.,https://mathworksheetkidscity.github.io/html/grade-1-division-practice-worksheet-22-problems-part-172-8560.html,https://mathworksheetkidscity.github.io/images/grade-1-division-practice-worksheet-22-problems-part-172-8560.jpg,Kids Math Worksheets,04/20/2026 11:02:00 AM
4 Math Skill Test for High School Students,Printable Math worksheet designed for Math students. Easy and fun math practice.,https://mathworksheetkidscity.github.io/html/4-math-skill-test-for-high-school-students-3972.html,https://mathworksheetkidscity.github.io/images/4-math-skill-test-for-high-school-students-3972.jpg,Printable Worksheets,04/20/2026 01:24:00 PM
Missing Number Math Worksheet,Help kids master Missing Number with this printable worksheet for Grade 1. Great for daily math practice.,https://mathworksheetkidscity.github.io/html/missing-number-math-worksheet-5215.html,https://mathworksheetkidscity.github.io/images/missing-number-math-worksheet-5215.jpg,Homeschool Math,04/20/2026 04:38:00 PM
Mixed Operations Math Worksheet,Help kids master Mixed Operations with this printable worksheet for Grade 3. Great for daily math practice.,https://mathworksheetkidscity.github.io/html/mixed-operations-math-worksheet-4821.html,https://mathworksheetkidscity.github.io/images/mixed-operations-math-worksheet-4821.jpg,Math Practice Printables,04/20/2026 08:27:00 PM
Printable Free 13 Multiplication Math Worksheet For Grade 2 - Part 176 | Printable Practice,Fun and engaging Multiplication worksheet for Grade 2. Perfect printable math practice.,https://mathworksheetkidscity.github.io/html/printable-free-13-multiplication-math-worksheet-for-grade-2-part-176-3933.html,https://mathworksheetkidscity.github.io/images/printable-free-13-multiplication-math-worksheet-for-grade-2-part-176-3933.jpg,Printable Worksheets,04/21/2026 08:26:00 AM
Grade 2 Subtraction Practice Worksheet (18 Problems) - Part 177 | Printable Practice,Teachers and parents love this Subtraction worksheet for Grade 2. Download and print instantly.,https://mathworksheetkidscity.github.io/html/grade-2-subtraction-practice-worksheet-18-problems-part-177-3204.html,https://mathworksheetkidscity.github.io/images/grade-2-subtraction-practice-worksheet-18-problems-part-177-3204.jpg,Kids Math Worksheets,04/21/2026 11:00:00 AM
Printable 4 Times Table Worksheet For Grade 2 - Part 178 | Printable Practice,Teachers and parents love this Times Table worksheet for Grade 2. Download and print instantly.,https://mathworksheetkidscity.github.io/html/printable-4-times-table-worksheet-for-grade-2-part-178-9794.html,https://mathworksheetkidscity.github.io/images/printable-4-times-table-worksheet-for-grade-2-part-178-9794.jpg,Elementary Math Activities,04/21/2026 01:35:00 PM
Printable Tracing Worksheet For Kids - Part 179 | Free Printable,Free printable Tracing worksheet for Kindergarten. Perfect for homeschool practice and classroom activities.,https://mathworksheetkidscity.github.io/html/printable-tracing-worksheet-for-kids-part-179-5231.html,https://mathworksheetkidscity.github.io/images/printable-tracing-worksheet-for-kids-part-179-5231.jpg,Printable Worksheets,04/21/2026 04:33:00 PM
Math Word Problem Worksheet,Free printable Word Problem worksheet for Grade 3. Perfect for homeschool practice and classroom activities.,https://mathworksheetkidscity.github.io/html/math-word-problem-worksheet-5209.html,https://mathworksheetkidscity.github.io/images/math-word-problem-worksheet-5209.jpg,Homeschool Math,04/21/2026 08:22:00 PM
Printable Free 23 Addition Math Worksheet For Grade 5 - Part 181 | Printable Practice,Help kids master Addition with this printable worksheet for Grade 5. Great for daily math practice.,https://mathworksheetkidscity.github.io/html/printable-free-23-addition-math-worksheet-for-grade-5-part-181-2171.html,https://mathworksheetkidscity.github.io/images/printable-free-23-addition-math-worksheet-for-grade-5-part-181-2171.jpg,Math Practice Printables,04/22/2026 08:38:00 AM
Printable Count and Color Worksheet for Preschool Kids,Fun and engaging Count and Color worksheet for Preschool. Perfect printable math practice.,https://mathworksheetkidscity.github.io/html/printable-count-and-color-worksheet-for-preschool-kids-5237.html,https://mathworksheetkidscity.github.io/images/printable-count-and-color-worksheet-for-preschool-kids-5237.jpg,Homeschool Math,04/22/2026 11:02:00 AM
Kindergarten Count The Objects Worksheet - Part 183 | Printable Practice,Free printable Counting Objects worksheet for Kindergarten. Perfect for homeschool practice and classroom activities.,https://mathworksheetkidscity.github.io/html/kindergarten-count-the-objects-worksheet-part-183-2923.html,https://mathworksheetkidscity.github.io/images/kindergarten-count-the-objects-worksheet-part-183-2923.jpg,Math Practice Printables,04/22/2026 01:30:00 PM
Printable Free 11 Division Math Worksheet For Grade 1 - Part 184 | Printable Practice,Printable Division worksheet designed for Grade 1 students. Easy and fun math practice.,https://mathworksheetkidscity.github.io/html/printable-free-11-division-math-worksheet-for-grade-1-part-184-8121.html,https://mathworksheetkidscity.github.io/images/printable-free-11-division-math-worksheet-for-grade-1-part-184-8121.jpg,Printable Worksheets,04/22/2026 04:25:00 PM
4 Math Skill Test Practice Worksheet,Free printable Math worksheet for Math. Perfect for homeschool practice and classroom activities.,https://mathworksheetkidscity.github.io/html/4-math-skill-test-practice-worksheet-9790.html,https://mathworksheetkidscity.github.io/images/4-math-skill-test-practice-worksheet-9790.jpg,Math Practice Printables,04/22/2026 08:38:00 PM
Missing Number Math Worksheet,Fun and engaging Missing Number worksheet for Grade 1. Perfect printable math practice.,https://mathworksheetkidscity.github.io/html/missing-number-math-worksheet-9299.html,https://mathworksheetkidscity.github.io/images/missing-number-math-worksheet-9299.jpg,Homeschool Math,04/23/2026 08:33:00 AM
Mixed Operations Math Worksheet,Printable Mixed Operations worksheet designed for Grade 3 students. Easy and fun math practice.,https://mathworksheetkidscity.github.io/html/mixed-operations-math-worksheet-9201.html,https://mathworksheetkidscity.github.io/images/mixed-operations-math-worksheet-9201.jpg,Printable Worksheets,04/23/2026 11:05:00 AM
Free 12 Multiplication Math Worksheet For Grade 2 With Answers - Part 188 | Printable Practice,Printable Multiplication worksheet designed for Grade 2 students. Easy and fun math practice.,https://mathworksheetkidscity.github.io/html/free-12-multiplication-math-worksheet-for-grade-2-with-answers-part-188-4812.html,https://mathworksheetkidscity.github.io/images/free-12-multiplication-math-worksheet-for-grade-2-with-answers-part-188-4812.jpg,Kids Math Worksheets,04/23/2026 01:24:00 PM
Printable Free 11 Subtraction Math Worksheet For Grade 3 - Part 189 | Printable Practice,Free printable Subtraction worksheet for Grade 3. Perfect for homeschool practice and classroom activities.,https://mathworksheetkidscity.github.io/html/printable-free-11-subtraction-math-worksheet-for-grade-3-part-189-1190.html,https://mathworksheetkidscity.github.io/images/printable-free-11-subtraction-math-worksheet-for-grade-3-part-189-1190.jpg,Homeschool Math,04/23/2026 04:33:00 PM
9 Times Table Worksheet For Grade 3 - Part 190 | Printable Practice,Printable Times Table worksheet designed for Grade 3 students. Easy and fun math practice.,https://mathworksheetkidscity.github.io/html/9-times-table-worksheet-for-grade-3-part-190-3245.html,https://mathworksheetkidscity.github.io/images/9-times-table-worksheet-for-grade-3-part-190-3245.jpg,Printable Worksheets,04/23/2026 08:35:00 PM
Printable Tracing Worksheet For Kids - Part 191 | Free Printable,Printable Tracing worksheet designed for Kindergarten students. Easy and fun math practice.,https://mathworksheetkidscity.github.io/html/printable-tracing-worksheet-for-kids-part-191-7648.html,https://mathworksheetkidscity.github.io/images/printable-tracing-worksheet-for-kids-part-191-7648.jpg,Homeschool Math,04/24/2026 08:37:00 AM
Math Word Problem Worksheet,Help kids master Word Problem with this printable worksheet for Grade 3. Great for daily math practice.,https://mathworksheetkidscity.github.io/html/math-word-problem-worksheet-6474.html,https://mathworksheetkidscity.github.io/images/math-word-problem-worksheet-6474.jpg,Elementary Math Activities,04/24/2026 11:00:00 AM
Printable Free 26 Addition Math Worksheet For Grade 1 - Part 193 | Printable Practice,Fun and engaging Addition worksheet for Grade 1. Perfect printable math practice.,https://mathworksheetkidscity.github.io/html/printable-free-26-addition-math-worksheet-for-grade-1-part-193-4819.html,https://mathworksheetkidscity.github.io/images/printable-free-26-addition-math-worksheet-for-grade-1-part-193-4819.jpg,Kids Math Worksheets,04/24/2026 01:22:00 PM
3 Free Count and Color Worksheets for Kindergarten,Free printable Count and Color worksheet for Kindergarten. Perfect for homeschool practice and classroom activities.,https://mathworksheetkidscity.github.io/html/3-free-count-and-color-worksheets-for-kindergarten-8271.html,https://mathworksheetkidscity.github.io/images/3-free-count-and-color-worksheets-for-kindergarten-8271.jpg,Elementary Math Activities,04/24/2026 04:22:00 PM
Free Counting Objects Worksheet For Kindergarten Printable - Part 195 | Printable Practice,Help kids master Counting Objects with this printable worksheet for Kindergarten. Great for daily math practice.,https://mathworksheetkidscity.github.io/html/free-counting-objects-worksheet-for-kindergarten-printable-part-195-2315.html,https://mathworksheetkidscity.github.io/images/free-counting-objects-worksheet-for-kindergarten-printable-part-195-2315.jpg,Homeschool Math,04/24/2026 08:22:00 PM
Grade 1 Division Practice Worksheet (29 Problems) - Part 196 | Printable Practice,Printable Division worksheet designed for Grade 1 students. Easy and fun math practice.,https://mathworksheetkidscity.github.io/html/grade-1-division-practice-worksheet-29-problems-part-196-7740.html,https://mathworksheetkidscity.github.io/images/grade-1-division-practice-worksheet-29-problems-part-196-7740.jpg,Homeschool Math,04/25/2026 08:36:00 AM
7 Mathematics Problem Set Practice Worksheet,Free printable Math worksheet for Math. Perfect for homeschool practice and classroom activities.,https://mathworksheetkidscity.github.io/html/7-mathematics-problem-set-practice-worksheet-5387.html,https://mathworksheetkidscity.github.io/images/7-mathematics-problem-set-practice-worksheet-5387.jpg,Kids Math Worksheets,04/25/2026 11:00:00 AM
Missing Number Math Worksheet,Printable Missing Number worksheet designed for Grade 1 students. Easy and fun math practice.,https://mathworksheetkidscity.github.io/html/missing-number-math-worksheet-7447.html,https://mathworksheetkidscity.github.io/images/missing-number-math-worksheet-7447.jpg,Homeschool Math,04/25/2026 01:31:00 PM
Mixed Operations Math Worksheet,Printable Mixed Operations worksheet designed for Grade 3 students. Easy and fun math practice.,https://mathworksheetkidscity.github.io/html/mixed-operations-math-worksheet-3708.html,https://mathworksheetkidscity.github.io/images/mixed-operations-math-worksheet-3708.jpg,Kids Math Worksheets,04/25/2026 04:32:00 PM
Grade 1 Multiplication Practice Worksheet (21 Problems) - Part 200 | Printable Practice,Free printable Multiplication worksheet for Grade 1. Perfect for homeschool practice and classroom activities.,https://mathworksheetkidscity.github.io/html/grade-1-multiplication-practice-worksheet-21-problems-part-200-1743.html,https://mathworksheetkidscity.github.io/images/grade-1-multiplication-practice-worksheet-21-problems-part-200-1743.jpg,Printable Worksheets,04/25/2026 08:24:00 PM
